{"init_keypoint_positions": [[-0.32109262717488984, -0.25874592940527225, 0.8650052759847411], [-0.2964606693922196, -0.21321946697016825, 0.7109717549893564], [-0.27782375146943916, -0.0778834602789503, 0.7093098188134546], [-0.24946870852257183, 0.09901943011347583, 0.7381783827422156], [-0.36834602225496094, 0.1287113829673432, 0.7805013889555641], [-0.27135386202067074, 0.2138195410036052, 0.7655246276655506]], "num_keypoints": 6, "num_stages": 3, "grasp_keypoints": [1, -1, -1], "release_keypoints": [-1, -1, 1]}